length_category,word,word_count
Short,to,8
Short,is,5
Short,from,4
Short,my,4
Short,a,3
Short,if,3
Medium,advice,3
Short,what,3
Medium,selling,3
Short,i,3
Short,-,2
Medium,house,2
Short,in,2
Medium,should,2
Medium,listing,2
Short,we,2
Medium,buyer,2
Long,management,2
Medium,after,2
Short,home,2
Short,town,2
Short,vs,2
Short,the,2
Short,of,2
Long,simultaneously?,1
Short,do,1
Short,2,1
Medium,damage,1
Short,dog,1
Medium,don't,1
Medium,"wrong,",1
Short,1,1
Short,,1
Medium,houses,1
Short,open,1
Short,2025,1
Long,~2019-2024,1
Medium,proving,1
Long,first-time,1
Medium,buyer.,1
Medium,showing,1
Short,file,1
Short,"buy,",1
Medium,another,1
Short,nar,1
Long,process!,1
Short,may,1
Long,development,1
Short,str,1
Medium,apart?,1
